{
  "extracted_tml_tags": [
    {
      "tag_id": "???",
      "center_x": 44.14343163538874,
      "center_y": 507.5822162645219,
      "bbox_orig": [
        35,
        497,
        20,
        22
      ],
      "bbox_norm": [
        24,
        492,
        14,
        22
      ]
    },
    {
      "tag_id": "???",
      "center_x": 42.73116824537664,
      "center_y": 142.59900766801982,
      "bbox_orig": [
        33,
        132,
        21,
        22
      ],
      "bbox_norm": [
        23,
        131,
        15,
        22
      ]
    },
    {
      "tag_id": "???",
      "center_x": 43.776202749140886,
      "center_y": 873.2126288659794,
      "bbox_orig": [
        33,
        862,
        22,
        23
      ],
      "bbox_norm": [
        23,
        853,
        15,
        23
      ]
    }
  ]
}